STATE,STATE (2010),Districts (2010),CD_NUM (2010),STATE_FP (2010),ID (2010),STUSPS (2020),Republican 2010,Democratic 2010,Districts,CD_NUM,STATE_FP,ID,STUSPS,Republican 2012,Democratic 2012,Republican 2014,Democratic 2014,Republican 2016,Democratic 2016,Republican 2018,Democratic 2018,Republican 2020,Democratic 2020
Alabama,Alabama,Alabama 1,01,01,0101,AL,91.5,8.5,Alabama 1,01,01,0101,AL,98.95,1.0499999999999972,68.25,31.75,98.2,1.7999999999999972,63.2,36.8,64.45,35.55
Alabama,Alabama,Alabama 2,02,01,0102,AL,51.3,48.7,Alabama 2,02,01,0102,AL,63.7,36.3,67.35,32.65,54.15,45.85,61.5,38.5,65.25,34.75
Alabama,Alabama,Alabama 3,03,01,0103,AL,59.1,40.9,Alabama 3,03,01,0103,AL,64.1,35.9,66.19999999999999,33.800000000000004,67.0,32.99999999999999,63.8,36.2,67.5,32.5
Alabama,Alabama,Alabama 4,04,01,0104,AL,100.0,0.0,Alabama 4,04,01,0104,AL,74.0,26.0,100.0,0.0,99.25,0.75,79.9,20.1,82.25,17.749999999999996
Alabama,Alabama,Alabama 5,05,01,0105,AL,58.5,41.5,Alabama 5,05,01,0105,AL,65.0,35.0,87.2,12.799999999999995,66.75,33.25,61.1,38.9,97.9,2.1000000000000014
Alabama,Alabama,Alabama 6,06,01,0106,AL,100.0,0.0,Alabama 6,06,01,0106,AL,71.4,28.6,76.25,23.75,74.55,25.45,69.2,30.8,98.55,1.4500000000000028
Alabama,Alabama,Alabama 7,07,01,0107,AL,27.4,72.6,Alabama 7,07,01,0107,AL,24.2,75.8,0.0,100.0,0.7999999999999972,99.2,0.0,100.0,1.3999999999999986,98.6
Alaska,Alaska,Alaska ,00,02,0200,AK,69.25,30.75,Alaska ,00,02,0200,AK,68.15,31.85,55.0,45.0,57.15,42.85,76.65,23.35,77.2,22.8
Arizona,Arizona,Arizona 1,01,04,0401,AZ,53.0,47.0,Arizona 1,01,04,0401,AZ,48.15,51.85,47.4,52.6,46.35,53.650000000000006,46.2,53.8,48.4,51.6
Arizona,Arizona,Arizona 2,02,04,0402,AZ,66.9,33.1,Arizona 2,02,04,0402,AZ,49.58,50.42,50.04,49.96,57.0,43.0,45.3,54.7,44.9,55.1
Arizona,Arizona,Arizona 3,03,04,0403,AZ,55.55,44.45,Arizona 3,03,04,0403,AZ,39.95,60.05,44.3,55.7,0.7000000000000028,99.3,36.1,63.9,35.4,64.6
Arizona,Arizona,Arizona 4,04,04,0404,AZ,30.3,69.7,Arizona 4,04,04,0404,AZ,69.35,30.65,72.1,27.9,71.5,28.5,68.85,31.15,69.75,30.25
Arizona,Arizona,Arizona 5,05,04,0405,AZ,54.4,45.6,Arizona 5,05,04,0405,AZ,67.25,32.75,69.6,30.4,64.1,35.9,59.4,40.6,58.9,41.1
Arizona,Arizona,Arizona 6,06,04,0406,AZ,68.65,31.35,Arizona 6,06,04,0406,AZ,64.3,35.7,64.9,35.1,62.1,37.9,55.2,44.8,52.2,47.8
Arizona,Arizona,Arizona 7,07,04,0407,AZ,47.0,53.0,Arizona 7,07,04,0407,AZ,9.85,90.15,12.85,87.15,24.75,75.25,7.100000000000001,92.9,23.3,76.7
Arizona,Arizona,Arizona 8,08,04,0408,AZ,49.25,50.75,Arizona 8,08,04,0408,AZ,64.4,35.599999999999994,87.9,12.1,84.25,15.75,55.5,44.5,59.6,40.4
Arizona,Arkansas,Arkansas 1,01,05,0409,AR,54.15,45.85,Arizona 9,09,04,0409,AZ,48.15,51.85,43.55,56.45,39.1,60.9,38.9,61.1,38.4,61.6
Arkansas,Arkansas,Arkansas 2,02,05,0501,AR,59.8,40.2,Arkansas 1,01,05,0501,AR,58.7,41.3,65.45,34.550000000000004,88.15,11.85,70.05000000000001,29.95,100.0,0.0
Arkansas,Arkansas,Arkansas 3,03,05,0502,AR,72.4,27.6,Arkansas 2,02,05,0502,AR,57.85,42.15,54.15,45.85,60.8,39.2,53.15,46.85,55.4,44.6
Arkansas,Arkansas,Arkansas 4,04,05,0503,AR,41.35,58.65,Arkansas 3,03,05,0503,AR,87.9,12.1,89.7,10.299999999999995,88.65,11.35,66.1,33.9,66.25,33.75
Arkansas,California,California 1,01,06,0504,CA,34.0,66.0,Arkansas 4,04,05,0504,AR,61.4,38.6,55.6,44.4,87.45,12.549999999999995,67.75,32.25,71.1,28.9
California,California,California 2,02,06,0601,CA,57.1,42.9,California 1,01,06,0601,CA,57.9,42.1,61.0,39.0,59.1,40.9,54.9,45.1,57.0,43.0
California,California,California 3,03,06,0602,CA,53.45,46.55,California 2,02,06,0602,CA,29.9,70.1,25.0,75.0,23.1,76.9,23.0,77.0,24.3,75.7
California,California,California 4,04,06,0603,CA,64.95,35.050000000000004,California 3,03,06,0603,CA,46.3,53.7,47.3,52.7,40.6,59.4,41.9,58.1,45.3,54.7
California,California,California 5,05,06,0604,CA,26.65,73.35,California 4,04,06,0604,CA,61.1,38.9,80.0,20.0,62.7,37.3,54.1,45.9,55.9,44.1
California,California,California 6,06,06,0605,CA,31.85,68.15,California 5,05,06,0605,CA,25.9,74.1,12.1,87.9,23.1,76.9,10.549999999999995,89.45,23.9,76.1
California,California,California 7,07,06,0606,CA,31.7,68.3,California 6,06,06,0606,CA,25.6,74.4,27.3,72.7,24.6,75.4,9.799999999999995,90.2,26.7,73.3
California,California,California 8,08,06,0607,CA,17.500000000000007,82.5,California 7,07,06,0607,CA,48.9,51.1,49.6,50.4,48.8,51.2,45.0,55.0,43.4,56.6
California,California,California 9,09,06,0608,CA,13.250000000000004,86.75,California 8,08,06,0608,CA,78.8,21.2,67.7,32.3,62.3,37.7,80.0,20.0,56.1,43.9
California,California,California 10,10,06,0609,CA,39.55,60.45,California 9,09,06,0609,CA,44.5,55.5,47.6,52.4,42.6,57.4,43.5,56.5,42.4,57.6
California,California,California 11,11,06,0610,CA,49.45,50.55,California 10,10,06,0610,CA,53.8,46.2,56.1,43.9,51.7,48.3,47.7,52.3,44.8,55.2
California,California,California 12,12,06,0611,CA,23.250000000000007,76.75,California 11,11,06,0611,CA,30.9,69.1,32.7,67.3,27.9,72.1,25.9,74.1,27.0,73.0
California,California,California 13,13,06,0612,CA,27.85,72.15,California 12,12,06,0612,CA,15.2,84.8,16.7,83.3,9.549999999999995,90.45,13.2,86.8,11.200000000000005,88.8
California,California,California 14,14,06,0613,CA,29.350000000000005,70.65,California 13,13,06,0613,CA,6.850000000000001,93.15,11.5,88.5,9.2,90.8,5.799999999999997,94.2,9.6,90.4
California,California,California 15,15,06,0614,CA,32.4,67.6,California 14,14,06,0614,CA,26.3,73.7,23.3,76.7,19.1,80.9,20.8,79.2,20.7,79.3
California,California,California 16,16,06,0615,CA,28.250000000000004,71.75,California 15,15,06,0615,CA,23.5,76.5,30.2,69.8,26.2,73.8,27.0,73.0,29.1,70.9
California,California,California 17,17,06,0616,CA,29.950000000000003,70.05,California 16,16,06,0616,CA,42.6,57.4,49.3,50.7,42.0,58.0,42.5,57.5,40.6,59.4
California,California,California 18,18,06,0617,CA,41.5,58.5,California 17,17,06,0617,CA,26.7,73.3,24.1,75.9,19.5,80.5,24.7,75.3,28.7,71.3
California,California,California 19,19,06,0618,CA,64.75,35.25000000000001,California 18,18,06,0618,CA,30.0,70.0,32.2,67.8,28.9,71.1,25.5,74.5,18.4,81.6
California,California,California 20,20,06,0619,CA,48.3,51.7,California 19,19,06,0619,CA,27.3,72.7,16.4,83.6,26.1,73.9,26.2,73.8,28.3,71.7
California,California,California 21,21,06,0620,CA,100.0,0.0,California 20,20,06,0620,CA,27.1,72.9,12.4,87.6,29.2,70.8,9.299999999999995,90.7,23.2,76.8
California,California,California 22,22,06,0621,CA,99.4,0.6000000000000014,California 21,21,06,0621,CA,59.9,40.1,57.8,42.2,56.7,43.3,49.6,50.4,50.5,49.5
California,California,California 23,23,06,0622,CA,39.9,60.1,California 22,22,06,0622,CA,63.1,36.9,72.0,28.0,67.6,32.4,52.7,47.3,54.2,45.8
California,California,California 24,24,06,0623,CA,59.9,40.1,California 23,23,06,0623,CA,86.9,13.1,74.8,25.2,69.2,30.8,63.7,36.3,62.1,37.9
California,California,California 25,25,06,0624,CA,61.8,38.2,California 24,24,06,0624,CA,45.2,54.8,48.1,51.9,46.6,53.4,41.4,58.6,41.3,58.7
California,California,California 26,26,06,0625,CA,58.8,41.2,California 25,25,06,0625,CA,55.2,44.8,76.65,23.35,53.1,46.9,45.6,54.4,50.1,49.9
California,California,California 27,27,06,0626,CA,34.8,65.2,California 26,26,06,0626,CA,48.3,51.7,48.7,51.3,39.6,60.4,38.1,61.9,39.4,60.6
California,California,California 28,28,06,0627,CA,26.45,73.55,California 27,27,06,0627,CA,36.6,63.4,40.6,59.4,32.6,67.4,10.4,89.6,30.2,69.8
California,California,California 29,29,06,0628,CA,33.6,66.4,California 28,28,06,0628,CA,24.0,76.0,11.75,88.25,22.0,78.0,21.6,78.4,27.3,72.7
California,California,California 30,30,06,0629,CA,33.65,66.35,California 29,29,06,0629,CA,12.9,87.1,25.4,74.6,12.65,87.35,19.4,80.6,21.7,78.3
California,California,California 31,31,06,0630,CA,16.2,83.8,California 30,30,06,0630,CA,19.75,80.25,34.4,65.6,27.4,72.6,26.6,73.4,30.5,69.5
California,California,California 32,32,06,0631,CA,29.0,71.0,California 31,31,06,0631,CA,77.6,22.4,48.3,51.7,43.9,56.1,41.3,58.7,38.7,61.3
California,California,California 33,33,06,0632,CA,13.9,86.1,California 32,32,06,0632,CA,34.6,65.4,40.3,59.7,19.2,80.8,31.2,68.8,33.4,66.6
California,California,California 34,34,06,0633,CA,22.8,77.2,California 33,33,06,0633,CA,23.15,76.85,40.8,59.2,33.6,66.4,30.0,70.0,32.4,67.6
California,California,California 35,35,06,0634,CA,20.7,79.3,California 34,34,06,0634,CA,14.4,85.6,13.75,86.25,11.4,88.6,13.75,86.25,23.5,76.5
California,California,California 36,36,06,0635,CA,37.55,62.45,California 35,35,06,0635,CA,22.15,77.85,18.25,81.75,27.6,72.4,30.6,69.4,30.7,69.3
California,California,California 37,37,06,0636,CA,27.399999999999995,72.6,California 36,36,06,0636,CA,48.6,51.4,45.8,54.2,37.9,62.1,41.0,59.0,39.7,60.3
California,California,California 38,38,06,0637,CA,26.5,73.5,California 37,37,06,0637,CA,13.6,86.4,15.7,84.3,9.450000000000005,90.55,10.9,89.1,14.1,85.9
California,California,California 39,39,06,0638,CA,34.65,65.35,California 38,38,06,0638,CA,32.9,67.1,40.9,59.1,29.5,70.5,31.1,68.9,12.85,87.15
California,California,California 40,40,06,0639,CA,66.8,33.2,California 39,39,06,0639,CA,59.2,40.8,68.5,31.5,57.2,42.8,48.4,51.6,50.6,49.4
California,California,California 41,41,06,0640,CA,63.2,36.8,California 40,40,06,0640,CA,20.3,79.7,19.4,80.6,14.299999999999995,85.7,11.35,88.65,27.3,72.7
California,California,California 42,42,06,0641,CA,65.15,34.85,California 41,41,06,0641,CA,43.6,56.4,43.4,56.6,35.0,65.0,34.9,65.1,36.0,64.0
California,California,California 43,43,06,0642,CA,34.5,65.5,California 42,42,06,0642,CA,61.4,38.6,65.7,34.3,58.8,41.2,56.5,43.5,57.1,42.9
California,California,California 44,44,06,0643,CA,55.6,44.4,California 43,43,06,0643,CA,14.700000000000005,85.3,14.5,85.5,23.9,76.1,22.3,77.7,28.3,71.7
California,California,California 45,45,06,0644,CA,54.7,45.3,California 44,44,06,0644,CA,20.0,80.0,6.649999999999999,93.35,23.9,76.1,15.85,84.15,16.1,83.9
California,California,California 46,46,06,0645,CA,62.2,37.8,California 45,45,06,0645,CA,59.3,40.7,65.1,34.9,58.6,41.4,47.9,52.1,46.5,53.5
California,California,California 47,47,06,0646,CA,43.15,56.85,California 46,46,06,0646,CA,39.4,60.6,40.3,59.7,15.0,85.0,30.9,69.1,31.2,68.8
California,California,California 48,48,06,0647,CA,62.7,37.3,California 47,47,06,0647,CA,43.4,56.6,44.0,56.0,36.3,63.7,35.1,64.9,36.7,63.3
California,California,California 49,49,06,0648,CA,65.65,34.35,California 48,48,06,0648,CA,61.6,38.4,64.1,35.9,58.3,41.7,46.4,53.6,51.1,48.9
California,California,California 50,50,06,0649,CA,58.8,41.2,California 49,49,06,0649,CA,58.9,41.1,60.2,39.8,50.3,49.7,43.6,56.4,46.9,53.1
California,California,California 51,51,06,0650,CA,39.9,60.1,California 50,50,06,0650,CA,68.4,31.6,71.2,28.8,63.5,36.5,51.7,48.3,54.0,46.0
California,California,California 52,52,06,0651,CA,65.5,34.5,California 51,51,06,0651,CA,30.1,69.9,31.2,68.8,27.2,72.8,28.8,71.2,31.7,68.3
California,California,California 53,53,06,0652,CA,35.85,64.15,California 52,52,06,0652,CA,49.8,50.2,48.4,51.6,43.5,56.5,36.2,63.8,38.4,61.6
California,Colorado,Colorado 1,01,08,0653,CO,30.7,69.30000000000001,California 53,53,06,0653,CA,39.6,60.4,41.2,58.8,33.0,67.0,30.9,69.1,20.25,79.75
Colorado,Colorado,Colorado 2,02,08,0801,CO,40.25,59.75,Colorado 1,01,08,0801,CO,29.450000000000003,70.55,31.6,68.4,29.899999999999995,70.1,24.6,75.4,24.950000000000003,75.05
Colorado,Colorado,Colorado 3,03,08,0802,CO,52.15,47.85,Colorado 2,02,08,0802,CO,41.3,58.7,43.3,56.7,40.150000000000006,59.85,36.65,63.35,36.95,63.05
Colorado,Colorado,Colorado 4,04,08,0803,CO,55.55,44.45,Colorado 3,03,08,0803,CO,56.2,43.8,61.15,38.85,57.1,42.9,53.95,46.05,53.1,46.900000000000006
Colorado,Colorado,Colorado 5,05,08,0804,CO,68.25,31.750000000000004,Colorado 4,04,08,0804,CO,60.95,39.05,67.75,32.25,66.05000000000001,33.95,60.6,39.4,61.75,38.25
Colorado,Colorado,Colorado 6,06,08,0805,CO,67.1,32.9,Colorado 5,05,08,0805,CO,82.65,17.35,59.8,40.2,65.75,34.25,58.85,41.15,60.1,39.9
Colorado,Colorado,Colorado 7,07,08,0806,CO,44.2,55.8,Colorado 6,06,08,0806,CO,51.8,48.2,54.45,45.55,54.15,45.85,44.4,55.6,41.45,58.55
Colorado,Connecticut,Connecticut 1,01,09,0807,CT,37.95,62.05,Colorado 7,07,08,0807,CO,43.95,56.05,44.9,55.1,42.3,57.7,37.5,62.5,39.25,60.75
Connecticut,Connecticut,Connecticut 2,02,09,0901,CT,39.45,60.55,Connecticut 1,01,09,0901,CT,29.100000000000005,70.9,36.9,63.1,34.85,65.15,35.55,64.44999999999999,35.6,64.4
Connecticut,Connecticut,Connecticut 3,03,09,0902,CT,34.25000000000001,65.75,Connecticut 2,02,09,0902,CT,30.500000000000004,69.5,36.6,63.4,35.25,64.75,36.6,63.400000000000006,39.400000000000006,60.6
Connecticut,Connecticut,Connecticut 4,04,09,0903,CT,46.9,53.1,Connecticut 3,03,09,0903,CT,25.4,74.6,32.9,67.1,31.0,69.0,35.4,64.6,40.55,59.45
Connecticut,Connecticut,Connecticut 5,05,09,0904,CT,45.9,54.1,Connecticut 4,04,09,0904,CT,40.2,59.8,46.3,53.7,40.1,59.9,38.8,61.2,37.05,62.95
Connecticut,Delaware,Delaware ,00,10,0905,DE,42.1,57.9,Connecticut 5,05,09,0905,CT,48.5,51.5,46.25,53.75,42.0,58.0,44.1,55.9,44.2,55.8
Delaware,Florida,Florida 1,01,12,1000,FL,90.0,10.0,Delaware ,00,10,1000,DE,34.49999999999999,65.5,38.75,61.25,42.75,57.25,35.5,64.5,41.3,58.7
Florida,Florida,Florida 2,02,12,1201,FL,56.1,43.9,Florida 1,01,12,1201,FL,71.25,28.750000000000007,73.4,26.6,69.1,30.9,67.1,32.9,65.3,34.7
Florida,Florida,Florida 3,03,12,1202,FL,35.45,64.55,Florida 2,02,12,1202,FL,52.7,47.3,49.6,50.4,68.7,31.300000000000004,67.4,32.6,98.95,1.0499999999999972
Florida,Florida,Florida 4,04,12,1203,FL,88.6,11.4,Florida 3,03,12,1203,FL,66.1,33.9,66.35,33.65,58.4,41.6,57.6,42.4,57.1,42.9
Florida,Florida,Florida 5,05,12,1204,FL,67.4,32.6,Florida 4,04,12,1204,FL,88.05,11.950000000000005,89.15,10.85,71.3,28.7,66.45,33.55,61.1,38.9
Florida,Florida,Florida 6,06,12,1205,FL,85.75,14.25,Florida 5,05,12,1205,FL,27.750000000000004,72.25,34.5,65.5,35.8,64.2,33.2,66.8,34.9,65.1
Florida,Florida,Florida 7,07,12,1206,FL,69.0,31.0,Florida 6,06,12,1206,FL,57.2,42.8,62.5,37.5,58.6,41.4,56.3,43.7,60.6,39.4
Florida,Florida,Florida 8,08,12,1207,FL,58.95,41.05,Florida 7,07,12,1207,FL,58.7,41.3,65.75,34.25,48.5,51.5,42.3,57.7,43.95,56.05
Florida,Florida,Florida 9,09,12,1208,FL,71.4,28.6,Florida 8,08,12,1208,FL,60.7,39.3,65.9,34.1,65.25,34.75,60.5,39.5,61.4,38.6
Florida,Florida,Florida 10,10,12,1209,FL,65.9,34.1,Florida 9,09,12,1209,FL,37.5,62.5,44.55,55.45,42.5,57.5,42.0,58.0,44.0,56.0
Florida,Florida,Florida 11,11,12,1210,FL,40.4,59.6,Florida 10,10,12,1210,FL,51.8,48.2,61.5,38.5,35.1,64.9,0.0,100.0,36.4,63.6
Florida,Florida,Florida 12,12,12,1211,FL,53.5,46.5,Florida 11,11,12,1211,FL,64.5,35.5,66.7,33.3,66.9,33.1,65.2,34.8,66.7,33.3
Florida,Florida,Florida 13,13,12,1212,FL,68.9,31.1,Florida 12,12,12,1212,FL,65.3,34.7,100.0,0.0,68.6,31.4,59.2,40.8,62.9,37.1
Florida,Florida,Florida 14,14,12,1213,FL,70.75,29.250000000000007,Florida 13,13,12,1213,FL,57.6,42.4,87.6,12.4,48.1,51.9,42.4,57.6,47.0,53.0
Florida,Florida,Florida 15,15,12,1214,FL,64.7,35.3,Florida 14,14,12,1214,FL,29.8,70.2,0.0,100.0,38.2,61.8,0.0,100.0,39.7,60.3
Florida,Florida,Florida 16,16,12,1215,FL,66.9,33.1,Florida 15,15,12,1215,FL,100.0,0.0,60.3,39.7,57.5,42.5,53.0,47.0,55.4,44.6
Florida,Florida,Florida 17,17,12,1216,FL,6.899999999999999,93.1,Florida 16,16,12,1216,FL,53.6,46.4,61.6,38.4,59.8,40.2,54.6,45.4,55.5,44.5
Florida,Florida,Florida 18,18,12,1217,FL,68.9,31.1,Florida 17,17,12,1217,FL,58.7,41.3,63.2,36.8,63.8,36.2,62.3,37.7,65.25,34.75000000000001
Florida,Florida,Florida 19,19,12,1218,FL,37.35,62.65,Florida 18,18,12,1218,FL,49.8,50.2,40.2,59.8,55.25,44.75,54.3,45.7,57.4,42.6
Florida,Florida,Florida 20,20,12,1219,FL,38.95,61.05,Florida 19,19,12,1219,FL,63.1,36.9,65.94999999999999,34.050000000000004,65.9,34.1,62.3,37.7,61.3,38.7
Florida,Florida,Florida 21,21,12,1220,FL,100.0,0.0,Florida 20,20,12,1220,FL,6.0,94.0,18.4,81.6,19.7,80.3,0.0,100.0,21.3,78.7
Florida,Florida,Florida 22,22,12,1221,FL,54.4,45.6,Florida 21,21,12,1221,FL,11.15,88.85,0.0,100.0,36.2,63.8,0.0,100.0,40.05,59.95
Florida,Florida,Florida 23,23,12,1222,FL,20.9,79.1,Florida 22,22,12,1222,FL,45.4,54.6,42.0,58.0,41.1,58.9,38.0,62.0,41.4,58.6
Florida,Florida,Florida 24,24,12,1223,FL,59.65,40.35,Florida 23,23,12,1223,FL,36.15,63.85,37.3,62.7,41.9,58.1,38.75,61.25,41.8,58.2
Florida,Florida,Florida 25,25,12,1224,FL,54.8,45.2,Florida 24,24,12,1224,FL,0.0,100.0,11.999999999999996,88.0,0.0,100.0,0.0,100.0,22.4,77.6
Florida,Georgia,Georgia 1,01,13,1225,GA,71.6,28.4,Florida 25,25,12,1225,FL,87.85,12.15,100.0,0.0,62.4,37.6,60.5,39.5,50.0,50.0
Florida,Georgia,Georgia 2,02,13,1226,GA,48.6,51.4,Florida 26,26,12,1226,FL,44.7,55.3,51.5,48.5,55.9,44.1,49.1,50.9,51.7,48.3
Florida,Georgia,Georgia 3,03,13,1227,GA,69.5,30.5,Florida 27,27,12,1227,FL,61.650000000000006,38.35,100.0,0.0,54.9,45.1,47.0,53.0,51.4,48.6
Georgia,Georgia,Georgia 4,04,13,1301,GA,25.3,74.7,Georgia 1,01,13,1301,GA,63.0,37.0,60.9,39.1,100.0,0.0,57.7,42.3,58.35,41.650000000000006
Georgia,Georgia,Georgia 5,05,13,1302,GA,26.3,73.7,Georgia 2,02,13,1302,GA,36.2,63.8,40.9,59.1,38.8,61.2,40.4,59.6,40.9,59.1
Georgia,Georgia,Georgia 6,06,13,1303,GA,100.0,0.0,Georgia 3,03,13,1303,GA,100.0,0.0,100.0,0.0,68.4,31.6,65.5,34.5,65.05,34.95
Georgia,Georgia,Georgia 7,07,13,1304,GA,67.1,32.9,Georgia 4,04,13,1304,GA,26.4,73.6,0.0,100.0,24.3,75.7,21.2,78.8,19.9,80.1
Georgia,Georgia,Georgia 8,08,13,1305,GA,52.7,47.3,Georgia 5,05,13,1305,GA,15.7,84.3,0.0,100.0,15.6,84.4,0.0,100.0,14.849999999999996,85.15
Georgia,Georgia,Georgia 9,09,13,1306,GA,100.0,0.0,Georgia 6,06,13,1306,GA,64.6,35.4,66.0,34.0,61.7,38.3,49.5,50.5,45.4,54.6
Georgia,Georgia,Georgia 10,10,13,1307,GA,67.4,32.6,Georgia 7,07,13,1307,GA,62.2,37.8,65.4,34.6,60.4,39.6,50.07,49.93,48.6,51.4
Georgia,Georgia,Georgia 11,11,13,1308,GA,100.0,0.0,Georgia 8,08,13,1308,GA,100.0,0.0,100.0,0.0,67.6,32.4,100.0,0.0,64.5,35.5
Georgia,Georgia,Georgia 12,12,13,1309,GA,43.4,56.6,Georgia 9,09,13,1309,GA,76.2,23.8,80.7,19.3,100.0,0.0,79.5,20.5,78.6,21.4
Georgia,Georgia,Georgia 13,13,13,1310,GA,30.6,69.4,Georgia 10,10,13,1310,GA,100.0,0.0,66.5,33.5,100.0,0.0,62.9,37.1,62.3,37.7
Georgia,Hawaii,Hawaii 1,01,15,1311,DC,46.8,53.2,Georgia 11,11,13,1311,GA,68.6,31.4,100.0,0.0,67.4,32.6,61.8,38.2,60.4,39.6
Georgia,Hawaii,Hawaii 2,02,15,1312,DC,26.55,73.45,Georgia 12,12,13,1312,GA,46.3,53.7,54.8,45.2,61.6,38.4,59.5,40.5,58.4,41.6
Georgia,Idaho,Idaho 1,01,16,1313,GU,54.85,45.15,Georgia 13,13,13,1313,GA,28.3,71.7,0.0,100.0,0.0,100.0,23.8,76.2,22.6,77.4
Georgia,Idaho,Idaho 2,02,16,1314,GU,72.2,27.800000000000004,Georgia 14,14,13,1314,GA,73.0,27.0,100.0,0.0,100.0,0.0,76.5,23.5,74.7,25.3
Hawaii,Illinois,Illinois 1,01,17,1501,IL,17.799999999999997,82.19999999999999,Hawaii 1,01,15,1501,DC,45.4,54.6,48.1,51.9,25.399999999999995,74.6,25.000000000000007,75.0,28.0,72.0
Hawaii,Illinois,Illinois 2,02,17,1502,IL,16.650000000000002,83.35,Hawaii 2,02,15,1502,DC,19.4,80.6,19.95,80.05,18.8,81.2,22.6,77.4,33.95,66.05
Idaho,Illinois,Illinois 3,03,17,1601,IL,27.3,72.7,Idaho 1,01,16,1601,GU,66.1,33.900000000000006,65.0,35.0,68.2,31.8,66.0,34.0,69.6,30.4
Idaho,Illinois,Illinois 4,04,17,1602,IL,18.45,81.55000000000001,Idaho 2,02,16,1602,GU,65.2,34.8,61.4,38.6,66.75,33.25,60.7,39.3,66.19999999999999,33.8
Illinois,Illinois,Illinois 5,05,17,1701,IL,27.4,72.6,Illinois 1,01,17,1701,IL,26.1,73.9,26.9,73.1,25.9,74.1,23.15,76.85,26.2,73.8
Illinois,Illinois,Illinois 6,06,17,1702,IL,63.7,36.3,Illinois 2,02,17,1702,IL,30.65,69.35,21.5,78.5,20.2,79.8,18.9,81.1,21.2,78.8
Illinois,Illinois,Illinois 7,07,17,1703,IL,17.300000000000004,82.7,Illinois 3,03,17,1703,IL,31.5,68.5,35.4,64.6,0.0,100.0,26.2,73.8,43.6,56.4
Illinois,Illinois,Illinois 8,08,17,1704,IL,50.1,49.9,Illinois 4,04,17,1704,IL,16.7,83.3,22.0,78.0,0.0,100.0,13.4,86.6,16.0,84.0
Illinois,Illinois,Illinois 9,09,17,1705,IL,32.4,67.6,Illinois 5,05,17,1705,IL,31.55,68.44999999999999,33.7,66.3,29.85,70.15,23.3,76.7,27.9,72.1
Illinois,Illinois,Illinois 10,10,17,1706,IL,51.1,48.9,Illinois 6,06,17,1706,IL,59.2,40.8,67.1,32.9,59.2,40.8,46.4,53.6,46.3,53.7
Illinois,Illinois,Illinois 11,11,17,1707,IL,57.4,42.6,Illinois 7,07,17,1707,IL,13.200000000000005,86.8,15.0,85.0,15.8,84.2,12.4,87.6,16.499999999999993,83.5
Illinois,Illinois,Illinois 12,12,17,1708,IL,38.35,61.65,Illinois 8,08,17,1708,IL,45.3,54.7,44.3,55.7,41.7,58.3,34.0,66.0,13.4,86.6
Illinois,Illinois,Illinois 13,13,17,1709,IL,63.8,36.2,Illinois 9,09,17,1709,IL,33.9,66.1,33.9,66.1,33.5,66.5,26.5,73.5,29.0,71.0
Illinois,Illinois,Illinois 14,14,17,1710,IL,53.15,46.85,Illinois 10,10,17,1710,IL,49.5,50.5,51.3,48.7,47.4,52.6,34.4,65.6,36.1,63.9
Illinois,Illinois,Illinois 15,15,17,1711,IL,64.3,35.7,Illinois 11,11,17,1711,IL,41.9,58.1,46.5,53.5,39.6,60.4,36.2,63.8,36.7,63.3
Illinois,Illinois,Illinois 16,16,17,1712,IL,67.0,33.0,Illinois 12,12,17,1712,IL,45.7,54.3,55.3,44.7,57.3,42.7,53.1,46.9,60.4,39.6
Illinois,Illinois,Illinois 17,17,17,1713,IL,54.8,45.2,Illinois 13,13,17,1713,IL,50.2,49.8,58.7,41.3,59.7,40.3,50.4,49.6,54.5,45.5
Illinois,Illinois,Illinois 18,18,17,1714,IL,71.65,28.350000000000005,Illinois 14,14,17,1714,IL,58.8,41.2,65.4,34.6,59.3,40.7,47.5,52.5,49.3,50.7
Illinois,Illinois,Illinois 19,19,17,1715,IL,71.2,28.8,Illinois 15,15,17,1715,IL,68.9,31.1,75.0,25.0,100.0,0.0,70.9,29.1,73.5,26.5
Illinois,Indiana,Indiana 1,01,18,1716,IN,40.0,60.0,Illinois 16,16,17,1716,IL,61.9,38.1,70.6,29.4,99.95,0.0499999999999971,59.1,40.9,64.7,35.3
Illinois,Indiana,Indiana 2,02,18,1717,IN,49.3,50.7,Illinois 17,17,17,1717,IL,46.7,53.3,44.5,55.5,39.7,60.3,37.9,62.1,48.0,52.0
Illinois,Indiana,Indiana 3,03,18,1718,IN,64.85,35.15,Illinois 18,18,17,1718,IL,74.2,25.8,74.7,25.3,72.1,27.9,67.2,32.8,70.4,29.6
Indiana,Indiana,Indiana 4,04,18,1801,IN,71.15,28.850000000000005,Indiana 1,01,18,1801,IN,32.7,67.3,37.45,62.55,9.25,90.75,34.9,65.1,41.95,58.05
Indiana,Indiana,Indiana 5,05,18,1802,IN,68.35,31.65,Indiana 2,02,18,1802,IN,50.7,49.3,60.3,39.7,61.2,38.8,54.8,45.2,61.5,38.5
Indiana,Indiana,Indiana 6,06,18,1803,IN,68.35,31.65,Indiana 3,03,18,1803,IN,67.1,32.9,69.55,30.45,73.55,26.450000000000003,64.7,35.3,67.8,32.2
Indiana,Indiana,Indiana 7,07,18,1804,IN,39.45,60.55,Indiana 4,04,18,1804,IN,63.85,36.150000000000006,66.9,33.1,67.05,32.95,64.1,35.9,66.6,33.4
Indiana,Indiana,Indiana 8,08,18,1805,IN,60.1,39.9,Indiana 5,05,18,1805,IN,60.4,39.6,67.2,32.8,63.6,36.4,56.8,43.2,52.0,48.0
Indiana,Indiana,Indiana 9,09,18,1806,IN,55.0,45.0,Indiana 6,06,18,1806,IN,62.0,38.0,68.25,31.749999999999996,71.19999999999999,28.8,65.45,34.550000000000004,70.4,29.600000000000005
Indiana,Iowa,Iowa 1,01,19,1807,HI,49.0,51.0,Indiana 7,07,18,1807,IN,37.2,62.8,43.55,56.45,37.85,62.15,35.1,64.9,37.6,62.4
Indiana,Iowa,Iowa 2,02,19,1808,HI,47.45,52.55,Indiana 8,08,18,1808,IN,55.15,44.85,62.25,37.75,66.0,34.0,64.4,35.6,68.55000000000001,31.45
Indiana,Iowa,Iowa 3,03,19,1809,HI,47.9,52.1,Indiana 9,09,18,1809,IN,56.3,43.7,64.25,35.75,56.8,43.2,56.5,43.5,63.85,36.15
Iowa,Iowa,Iowa 4,04,19,1901,HI,66.8,33.2,Iowa 1,01,19,1901,HI,42.400000000000006,57.6,51.15,48.85,53.8,46.2,47.45,52.55,51.25,48.75
Iowa,Iowa,Iowa 5,05,19,1902,HI,66.75,33.25,Iowa 2,02,19,1902,HI,43.55,56.45,47.55,52.45,46.3,53.7,43.9,56.1,50.0,50.0
Iowa,Kansas,Kansas 1,01,20,1903,KS,75.45,24.55,Iowa 3,03,19,1903,HI,54.35,45.65,55.3,44.7,56.85,43.15,48.95,51.05,49.35,50.65
Iowa,Kansas,Kansas 2,02,20,1904,KS,65.4,34.599999999999994,Iowa 4,04,19,1904,HI,54.3,45.7,61.65,38.35,61.3,38.7,51.7,48.3,62.1,37.9
Kansas,Kansas,Kansas 3,03,20,2001,KS,59.9,40.1,Kansas 1,01,20,2001,KS,100.0,0.0,67.5,32.5,82.9,17.1,68.1,31.9,71.2,28.8
Kansas,Kansas,Kansas 4,04,20,2002,KS,61.150000000000006,38.85,Kansas 2,02,20,2002,KS,59.15,40.85,59.35,40.65,64.19999999999999,35.8,50.4,49.6,57.3,42.7
Kansas,Kentucky,Kentucky 1,01,21,2003,IA,71.2,28.8,Kansas 3,03,20,2003,KS,84.25,15.75,60.0,40.0,55.35,44.65,45.15,54.85,45.0,55.0
Kansas,Kentucky,Kentucky 2,02,21,2004,IA,67.9,32.1,Kansas 4,04,20,2004,KS,65.3,34.7,66.8,33.2,66.0,34.0,59.4,40.6,63.7,36.3
Kentucky,Kentucky,Kentucky 3,03,21,2101,IA,44.65,55.35,Kentucky 1,01,21,2101,IA,69.6,30.4,73.1,26.9,72.6,27.4,68.6,31.4,75.0,25.0
Kentucky,Kentucky,Kentucky 4,04,21,2102,IA,69.5,30.5,Kentucky 2,02,21,2102,IA,66.3,33.7,69.2,30.8,100.0,0.0,67.8,32.2,72.35,27.65
Kentucky,Kentucky,Kentucky 5,05,21,2103,IA,77.4,22.6,Kentucky 3,03,21,2103,IA,35.25,64.75,36.05,63.95,36.5,63.5,37.25,62.75,37.3,62.7
Kentucky,Kentucky,Kentucky 6,06,21,2104,IA,49.85,50.15,Kentucky 4,04,21,2104,IA,63.55,36.45,67.7,32.3,71.3,28.7,63.8,36.2,67.1,32.9
Kentucky,Louisiana,Louisiana 1,01,22,2105,SC,79.65,20.35,Kentucky 5,05,21,2105,IA,77.9,22.1,78.2,21.8,100.0,0.0,78.9,21.1,84.2,15.8
Kentucky,Louisiana,Louisiana 2,02,22,2106,SC,34.45,65.55,Kentucky 6,06,21,2106,IA,51.95,48.05,60.0,40.0,61.1,38.9,51.6,48.4,58.15,41.85
Louisiana,Louisiana,Louisiana 3,03,22,2201,SC,63.8,36.2,Louisiana 1,01,22,2201,SC,72.65,27.350000000000005,83.65,16.349999999999998,80.9,19.100000000000005,77.55,22.45,73.45,26.55
Louisiana,Louisiana,Louisiana 4,04,22,2202,SC,64.95,35.050000000000004,Louisiana 2,02,22,2202,SC,29.15,70.85,15.65,84.35,15.1,84.9,9.700000000000005,90.3,25.700000000000003,74.30000000000001
Louisiana,Louisiana,Louisiana 5,05,22,2203,SC,89.3,10.700000000000005,Louisiana 3,03,22,2203,SC,80.45,19.55,89.35,10.65,78.05,21.95,68.95,31.05,74.95,25.050000000000004
Louisiana,Louisiana,Louisiana 6,06,22,2204,SC,65.6,34.4,Louisiana 4,04,22,2204,SC,87.65,12.35,86.7,13.299999999999995,65.23,34.77,65.3,34.7,67.44999999999999,32.55
Louisiana,Louisiana,Louisiana 7,07,22,2205,SC,100.0,0.0,Louisiana 5,05,22,2205,SC,88.9,11.1,64.2,35.8,90.8,9.200000000000005,68.25,31.75,81.0,19.0
Louisiana,Maine,Maine 1,01,23,2206,ME,43.2,56.8,Louisiana 6,06,22,2206,SC,89.5,10.5,62.5,37.5,73.9,26.099999999999994,74.5,25.5,72.75,27.25
Maine,Maine,Maine 2,02,23,2301,ME,44.9,55.1,Maine 1,01,23,2301,ME,35.3,64.7,35.150000000000006,64.85,42.0,58.0,36.85,63.150000000000006,37.8,62.2
Maine,Maryland,Maryland 1,01,24,2302,KY,56.05,43.95,Maine 2,02,23,2302,ME,41.9,58.1,52.65,47.35,54.8,45.2,50.35,49.65,47.0,53.0
Maryland,Maryland,Maryland 2,02,24,2401,KY,34.55,65.45,Maryland 1,01,24,2401,KY,67.94999999999999,32.05,70.5,29.5,69.2,30.800000000000004,60.95,39.05,63.5,36.5
Maryland,Maryland,Maryland 3,03,24,2402,KY,37.45,62.55,Maryland 2,02,24,2402,KY,32.75000000000001,67.25,37.3,62.7,35.5,64.5,32.3,67.69999999999999,32.15,67.85
Maryland,Maryland,Maryland 4,04,24,2403,KY,16.499999999999993,83.5,Maryland 3,03,24,2403,KY,31.4,68.6,40.4,59.6,35.35,64.65,29.55,70.45,30.1,69.9
Maryland,Maryland,Maryland 5,05,24,2404,KY,35.15,64.85,Maryland 4,04,24,2404,KY,21.75,78.25,29.05,70.95,23.65,76.35,20.9,79.1,20.3,79.69999999999999
Maryland,Maryland,Maryland 6,06,24,2405,KY,64.15,35.85,Maryland 5,05,24,2405,KY,29.149999999999995,70.85,35.9,64.1,30.999999999999996,69.0,28.35,71.65,31.1,68.9
Maryland,Maryland,Maryland 7,07,24,2406,KY,23.8,76.2,Maryland 6,06,24,2406,KY,39.55,60.45,49.3,50.7,42.05,57.95,39.5,60.5,40.2,59.8
Maryland,Maryland,Maryland 8,08,24,2407,KY,25.85,74.15,Maryland 7,07,24,2407,KY,22.15,77.85,28.5,71.5,23.45,76.55000000000001,22.4,77.6,28.200000000000003,71.8
Maryland,Massachusetts,Massachusetts 1,01,25,2408,MA,37.45,62.55,Maryland 8,08,24,2408,KY,34.75,65.25,39.1,60.9,36.8,63.2,31.05,68.95,31.7,68.3
Massachusetts,Massachusetts,Massachusetts 2,02,25,2501,MA,42.6,57.4,Massachusetts 1,01,25,2501,MA,0.0,100.0,0.0,100.0,13.35,86.65,0.0,100.0,1.75,98.25
Massachusetts,Massachusetts,Massachusetts 3,03,25,2502,MA,41.35,58.65,Massachusetts 2,02,25,2502,MA,0.0,100.0,0.0,100.0,0.8999999999999986,99.1,32.8,67.2,34.65,65.35
Massachusetts,Massachusetts,Massachusetts 4,04,25,2503,MA,44.75,55.25,Massachusetts 3,03,25,2503,MA,34.1,65.9,37.0,63.0,31.25,68.75,35.75,64.25,1.1499999999999986,98.85
Massachusetts,Massachusetts,Massachusetts 5,05,25,2504,MA,43.7,56.3,Massachusetts 4,04,25,2504,MA,37.45,62.55,0.0,100.0,29.850000000000005,70.15,0.0,100.0,39.05,60.95
Massachusetts,Massachusetts,Massachusetts 6,06,25,2505,MA,43.1,56.9,Massachusetts 5,05,25,2505,MA,24.5,75.5,0.0,100.0,0.7000000000000028,99.3,24.1,75.9,25.65,74.35
Massachusetts,Massachusetts,Massachusetts 7,07,25,2506,MA,33.5,66.5,Massachusetts 6,06,25,2506,MA,49.5,50.5,43.05,56.95,0.7999999999999972,99.2,33.1,66.9,34.49999999999999,65.5
Massachusetts,Massachusetts,Massachusetts 8,08,25,2507,MA,0.0,100.0,Massachusetts 7,07,25,2507,MA,8.200000000000003,91.8,0.0,100.0,0.7000000000000028,99.3,0.0,100.0,6.700000000000003,93.3
Massachusetts,Massachusetts,Massachusetts 9,09,25,2508,MA,28.85,71.15,Massachusetts 8,08,25,2508,MA,23.7,76.3,0.0,100.0,27.55,72.45,0.0,100.0,9.65,90.35
Massachusetts,Massachusetts,Massachusetts 10,10,25,2509,MA,47.75,52.25,Massachusetts 9,09,25,2509,MA,36.95,63.05,45.0,55.0,38.95,61.05,40.6,59.4,37.5,62.5
Michigan,Michigan,Michigan 1,01,26,2601,MD,55.5,44.5,Michigan 1,01,26,2601,MD,50.35,49.65,53.4,46.6,57.4,42.6,56.3,43.7,62.45,37.55
Michigan,Michigan,Michigan 2,02,26,2602,MD,66.85,33.15,Michigan 2,02,26,2602,MD,63.45,36.55,65.15,34.849999999999994,65.05000000000001,34.95,56.15,43.85,60.5,39.5
Michigan,Michigan,Michigan 3,03,26,2603,MD,61.1,38.9,Michigan 3,03,26,2603,MD,54.3,45.7,59.45,40.55,61.0,39.0,55.6,44.400000000000006,53.0,47.0
Michigan,Michigan,Michigan 4,04,26,2604,MD,67.85,32.15,Michigan 4,04,26,2604,MD,64.80000000000001,35.2,58.7,41.3,64.75,35.25,62.6,37.4,66.3,33.7
Michigan,Michigan,Michigan 5,05,26,2605,MD,45.65,54.35,Michigan 5,05,26,2605,MD,34.0,66.0,32.25,67.75,36.95,63.05,38.2,61.8,43.7,56.3
Michigan,Michigan,Michigan 6,06,26,2606,MD,64.2,35.800000000000004,Michigan 6,06,26,2606,MD,55.8,44.2,57.75,42.25,61.150000000000006,38.85,52.25,47.75,57.85,42.15
Michigan,Michigan,Michigan 7,07,26,2607,MD,52.400000000000006,47.6,Michigan 7,07,26,2607,MD,55.15,44.85,56.15,43.85,57.5,42.5,53.8,46.2,58.7,41.3
Michigan,Michigan,Michigan 8,08,26,2608,MD,64.9,35.1,Michigan 8,08,26,2608,MD,60.65,39.35,56.25,43.75,58.4,41.6,48.1,51.9,48.2,51.8
Michigan,Michigan,Michigan 9,09,26,2609,MD,48.7,51.3,Michigan 9,09,26,2609,MD,36.05,63.95,37.85,62.15,39.75,60.25,38.6,61.4,40.35,59.650000000000006
Michigan,Michigan,Michigan 10,10,26,2610,MD,73.5,26.5,Michigan 10,10,26,2610,MD,69.45,30.55,69.65,30.35,65.4,34.599999999999994,62.65,37.35,66.3,33.7
Michigan,Michigan,Michigan 11,11,26,2611,MD,60.4,39.6,Michigan 11,11,26,2611,MD,53.150000000000006,46.85,57.7,42.3,56.35,43.650000000000006,46.7,53.3,48.8,51.2
Michigan,Michigan,Michigan 12,12,26,2612,MD,36.95,63.05,Michigan 12,12,26,2612,MD,29.95,70.05,33.150000000000006,66.85,32.5,67.5,30.4,69.6,32.14999999999999,67.85
Michigan,Michigan,Michigan 13,13,26,2613,MD,19.55,80.45,Michigan 13,13,26,2613,MD,16.599999999999998,83.4,18.4,81.6,19.3,80.69999999999999,7.700000000000003,92.3,20.3,79.69999999999999
Michigan,Michigan,Michigan 14,14,26,2614,MD,21.550000000000004,78.45,Michigan 14,14,26,2614,MD,15.65,84.35,20.95,79.05,20.1,79.9,18.2,81.80000000000001,19.500000000000004,80.5
Minnesota,Michigan,Michigan 15,15,26,2701,MD,41.65,58.35,Minnesota 1,01,27,2701,MN,42.4,57.6,45.7,54.3,49.65,50.35,50.2,49.8,51.55,48.45
Minnesota,Minnesota,Minnesota 1,01,27,2702,MN,47.4,52.6,Minnesota 2,02,27,2702,MN,54.1,45.9,58.6,41.4,50.9,49.1,47.2,52.8,48.85,51.150000000000006
Minnesota,Minnesota,Minnesota 2,02,27,2703,MN,63.35,36.65,Minnesota 3,03,27,2703,MN,58.2,41.8,62.2,37.8,56.85,43.15,44.3,55.7,44.35,55.65
Minnesota,Minnesota,Minnesota 3,03,27,2704,MN,61.1,38.9,Minnesota 4,04,27,2704,MN,34.6,65.4,35.85,64.15,38.3,61.7,31.9,68.1,32.9,67.1
Minnesota,Minnesota,Minnesota 4,04,27,2705,MN,37.75,62.25,Minnesota 5,05,27,2705,MN,25.5,74.5,26.55,73.45,26.600000000000005,73.4,21.8,78.2,30.750000000000004,69.25
Minnesota,Minnesota,Minnesota 5,05,27,2706,MN,28.2,71.8,Minnesota 6,06,27,2706,MN,50.6,49.4,58.95,41.05,65.65,34.35,61.2,38.8,65.75,34.25
Minnesota,Minnesota,Minnesota 6,06,27,2707,MN,56.35,43.65,Minnesota 7,07,27,2707,MN,37.25,62.75,45.7,54.3,47.45,52.55,47.9,52.1,56.8,43.2
Minnesota,Minnesota,Minnesota 7,07,27,2708,MN,41.2,58.8,Minnesota 8,08,27,2708,MN,45.5,54.5,49.3,50.7,49.7,50.3,52.75,47.25,59.55,40.45
Mississippi,Minnesota,Minnesota 8,08,27,2801,MN,50.8,49.2,Mississippi 1,01,28,2801,MI,61.85,38.150000000000006,69.5,30.499999999999996,70.4,29.6,67.25,32.74999999999999,68.8,31.2
Mississippi,Mississippi,Mississippi 1,01,28,2802,MI,57.25,42.75,Mississippi 2,02,28,2802,MI,31.950000000000003,68.05,16.15,83.85,31.000000000000007,69.0,14.1,85.9,34.0,66.0
Mississippi,Mississippi,Mississippi 2,02,28,2803,MI,38.05,61.95,Mississippi 3,03,28,2803,MI,90.0,10.0,70.5,29.499999999999996,67.9,32.1,62.8,37.2,64.7,35.3
Mississippi,Mississippi,Mississippi 3,03,28,2804,MI,68.4,31.6,Mississippi 4,04,28,2804,MI,67.6,32.4,72.80000000000001,27.2,68.6,31.4,68.75,31.25,100.0,0.0
Missouri,Mississippi,Mississippi 4,04,28,2901,MI,52.55,47.45,Missouri 1,01,29,2901,MO,19.6,80.4,24.35,75.65,22.25,77.75,18.3,81.69999999999999,20.1,79.9
Missouri,Missouri,Missouri 1,01,29,2902,MO,25.000000000000007,75.0,Missouri 2,02,29,2902,MO,61.5,38.5,65.75,34.25000000000001,60.4,39.6,52.0,48.0,53.2,46.8
Missouri,Missouri,Missouri 2,02,29,2903,MO,69.35,30.649999999999995,Missouri 3,03,29,2903,MO,65.3,34.7,70.55,29.45,69.95,30.050000000000004,66.15,33.85,70.45,29.55
Missouri,Missouri,Missouri 3,03,29,2904,MO,48.900000000000006,51.1,Missouri 4,04,29,2904,MO,62.4,37.6,70.85,29.15,70.0,30.000000000000004,66.05,33.95,68.94999999999999,31.05
Missouri,Missouri,Missouri 4,04,29,2905,MO,52.65,47.35,Missouri 5,05,29,2905,MO,38.2,61.8,46.7,53.3,39.7,60.3,36.9,63.1,39.9,60.1
Missouri,Missouri,Missouri 5,05,29,2906,MO,45.45,54.55,Missouri 6,06,29,2906,MO,66.25,33.75,68.55,31.450000000000003,69.8,30.2,66.7,33.3,68.15,31.850000000000005
Missouri,Missouri,Missouri 6,06,29,2907,MO,69.45,30.55,Missouri 7,07,29,2907,MO,66.5,33.5,67.35,32.650000000000006,70.05,29.95,68.05,31.95,71.15,28.85
Missouri,Missouri,Missouri 7,07,29,2908,MO,66.5,33.5,Missouri 8,08,29,2908,MO,73.65,26.35,71.2,28.8,75.85,24.149999999999995,74.2,25.8,77.75,22.249999999999996
Montana,Missouri,Missouri 8,08,29,3000,MO,68.4,31.600000000000005,Montana ,00,30,3000,MS,55.150000000000006,44.85,57.5,42.5,57.85,42.15,52.35,47.650000000000006,56.4,43.6
Nebraska,Missouri,Missouri 9,09,29,3101,MO,88.7,11.299999999999995,Nebraska 1,01,31,3101,WI,68.3,31.7,68.8,31.2,69.5,30.5,60.4,39.6,60.9,39.1
Nebraska,Montana,Montana ,00,30,3102,MS,63.25,36.75,Nebraska 2,02,31,3102,WI,51.2,48.8,48.35,51.65,50.6,49.400000000000006,51.0,49.0,52.3,47.7
Nebraska,Nebraska,Nebraska 1,01,31,3103,WI,71.3,28.7,Nebraska 3,03,31,3103,WI,74.2,25.8,75.4,24.6,100.0,0.0,76.7,23.3,80.4,19.6
Nevada,Nebraska,Nebraska 2,02,31,3201,WI,60.8,39.2,Nevada 1,01,32,3201,MP,33.95,66.05000000000001,40.55,59.45,33.45,66.55,32.35,67.65,35.800000000000004,64.2
Nevada,Nebraska,Nebraska 3,03,31,3202,WI,76.1,23.9,Nevada 2,02,32,3202,MP,60.7,39.3,68.95,31.050000000000004,60.7,39.3,58.2,41.8,57.9,42.1
Nevada,Nevada,Nevada 1,01,32,3203,MP,36.8,63.2,Nevada 3,03,32,3203,MP,53.75,46.25,62.35,37.65,49.4,50.6,45.45,54.55,48.5,51.5
Nevada,Nevada,Nevada 2,02,32,3204,MP,65.3,34.7,Nevada 4,04,32,3204,MP,46.0,54.0,51.35,48.65,48.0,52.0,45.900000000000006,54.1,47.55,52.45
New Hampshire,Nevada,Nevada 3,03,32,3301,MP,50.3,49.7,New Hampshire 1,01,33,3301,MT,48.15,51.85,51.8,48.2,49.35,50.65,45.7,54.3,47.45,52.55
New Hampshire,New Hampshire,New Hampshire 1,01,33,3302,MT,55.8,44.2,New Hampshire 2,02,33,3302,MT,47.45,52.55,45.0,55.0,47.75,52.25,43.3,56.7,44.900000000000006,55.1
New Jersey,New Hampshire,New Hampshire 2,02,33,3401,MT,50.75,49.25,New Jersey 1,01,34,3401,NJ,31.2,68.80000000000001,41.0,59.0,38.4,61.6,34.45,65.55000000000001,37.5,62.5
New Jersey,New Jersey,New Jersey 1,01,34,3402,NJ,35.8,64.2,New Jersey 2,02,34,3402,NJ,59.0,41.0,62.05,37.95,61.0,39.0,46.150000000000006,53.85,52.85,47.150000000000006
New Jersey,New Jersey,New Jersey 2,02,34,3403,NJ,67.3,32.7,New Jersey 3,03,34,3403,NJ,54.5,45.5,54.85,45.15,60.2,39.8,49.35,50.65,46.15,53.85
New Jersey,New Jersey,New Jersey 3,03,34,3404,NJ,51.35,48.65,New Jersey 4,04,34,3404,NJ,68.9,31.1,68.45,31.550000000000004,65.1,34.9,56.15,43.85,60.8,39.2
New Jersey,New Jersey,New Jersey 4,04,34,3405,NJ,70.75,29.249999999999996,New Jersey 5,05,34,3405,NJ,56.55,43.45,56.05,43.95,47.8,52.2,43.15,56.85,46.2,53.8
New Jersey,New Jersey,New Jersey 5,05,34,3406,NJ,66.15,33.85,New Jersey 6,06,34,3406,NJ,36.0,64.0,39.5,60.5,35.6,64.4,36.4,63.6,38.8,61.2
New Jersey,New Jersey,New Jersey 6,06,34,3407,NJ,44.5,55.5,New Jersey 7,07,34,3407,NJ,58.6,41.4,60.2,39.8,55.5,44.5,47.5,52.5,49.4,50.6
New Jersey,New Jersey,New Jersey 7,07,34,3408,NJ,59.4,40.6,New Jersey 8,08,34,3408,NJ,20.4,79.6,20.8,79.2,20.75,79.25,20.3,79.69999999999999,25.300000000000004,74.7
New Jersey,New Jersey,New Jersey 8,08,34,3409,NJ,36.7,63.3,New Jersey 9,09,34,3409,NJ,25.9,74.1,30.800000000000004,69.2,29.15,70.85,29.300000000000004,70.7,33.050000000000004,66.95
New Jersey,New Jersey,New Jersey 9,09,34,3410,NJ,38.55,61.45,New Jersey 10,10,34,3410,NJ,11.750000000000004,88.25,13.6,86.4,13.099999999999996,86.9,11.250000000000004,88.75,15.3,84.69999999999999
New Jersey,New Jersey,New Jersey 10,10,34,3411,NJ,13.8,86.2,New Jersey 11,11,34,3411,NJ,59.45,40.55,62.6,37.4,59.55,40.45,42.65,57.35,46.7,53.3
New Jersey,New Jersey,New Jersey 11,11,34,3412,NJ,68.35,31.65,New Jersey 12,12,34,3412,NJ,30.15,69.85,37.75,62.25,34.55,65.44999999999999,31.3,68.7,33.50000000000001,66.5
New Mexico,New Jersey,New Jersey 12,12,34,3501,NJ,46.45,53.55,New Mexico 1,01,35,3501,NM,40.9,59.1,41.4,58.6,34.9,65.1,38.6,61.4,41.8,58.2
New Mexico,New Jersey,New Jersey 13,13,34,3502,NJ,24.450000000000003,75.55,New Mexico 2,02,35,3502,NM,59.1,40.9,64.5,35.5,62.7,37.3,49.1,50.9,53.7,46.3
New Mexico,New Mexico,New Mexico 1,01,35,3503,NM,48.2,51.8,New Mexico 3,03,35,3503,NM,37.0,63.0,38.5,61.5,37.6,62.4,33.900000000000006,66.1,41.3,58.7
New York,New Mexico,New Mexico 2,02,35,3601,NM,55.4,44.6,New York 1,01,36,3601,NH,47.8,52.2,54.45,45.55,58.95,41.05,52.05,47.95,54.9,45.1
New York,New Mexico,New Mexico 3,03,35,3602,NM,43.0,57.0,New York 2,02,36,3602,NH,58.7,41.3,69.15,30.85,62.45,37.55,53.1,46.9,53.45,46.55
New York,New York,New York 1,01,36,3603,NH,49.8,50.2,New York 3,03,36,3603,NH,42.1,57.9,45.2,54.8,47.2,52.8,41.0,59.0,43.75,56.25
New York,New York,New York 2,02,36,3604,NH,43.25,56.75,New York 4,04,36,3604,NH,35.35,64.65,47.15,52.85,40.45,59.55,38.7,61.3,43.45,56.55
New York,New York,New York 3,03,36,3605,NH,72.0,28.0,New York 5,05,36,3605,NH,9.95,90.05000000000001,2.549999999999997,97.45,13.799999999999995,86.2,0.0,100.0,0.0,100.0
New York,New York,New York 4,04,36,3606,NH,46.4,53.6,New York 6,06,36,3606,NH,31.75,68.25,0.6000000000000014,99.4,27.3,72.69999999999999,4.549999999999997,95.45,32.0,68.0
New York,New York,New York 5,05,36,3607,NH,36.55,63.45,New York 7,07,36,3607,NH,2.75,97.25,10.15,89.85,9.249999999999996,90.75,3.299999999999997,96.7,14.749999999999996,85.25
New York,New York,New York 6,06,36,3608,NH,12.2,87.8,New York 8,08,36,3608,NH,9.400000000000002,90.6,4.0,96.0,3.3999999999999986,96.6,2.8999999999999986,97.1,15.2,84.8
New York,New York,New York 7,07,36,3609,NH,18.8,81.19999999999999,New York 9,09,36,3609,NH,12.300000000000002,87.7,5.350000000000001,94.65,3.8500000000000014,96.15,10.500000000000004,89.5,16.4,83.6
New York,New York,New York 8,08,36,3610,NH,24.5,75.5,New York 10,10,36,3610,NH,19.3,80.7,6.299999999999997,93.7,21.95,78.05,17.9,82.1,24.8,75.19999999999999
New York,New York,New York 9,09,36,3611,NH,39.2,60.8,New York 11,11,36,3611,NH,53.3,46.7,56.4,43.6,62.4,37.6,46.8,53.2,53.2,46.8
New York,New York,New York 10,10,36,3612,NH,8.000000000000005,92.0,New York 12,12,36,3612,NH,19.1,80.9,20.05,79.95,16.850000000000005,83.15,12.85,87.15,17.1,82.9
New York,New York,New York 11,11,36,3613,NH,9.4,90.6,New York 13,13,36,3613,NH,7.750000000000003,92.25,6.350000000000001,93.65,9.15,90.85,5.4,94.6,8.45,91.55
New York,New York,New York 12,12,36,3614,NH,3.049999999999997,96.95,New York 14,14,36,3614,NH,16.150000000000002,83.85,6.0,94.0,17.15,82.85,17.700000000000003,82.30000000000001,27.9,72.1
New York,New York,New York 13,13,36,3615,NH,51.65,48.35,New York 15,15,36,3615,NH,2.9,97.1,1.4500000000000028,98.55,4.149999999999999,95.85,4.0,96.0,11.1,88.9
New York,New York,New York 14,14,36,3616,NH,23.65,76.35,New York 16,16,36,3616,NH,21.95,78.05,0.3500000000000014,99.65,2.799999999999997,97.2,0.0,100.0,7.899999999999999,92.1
New York,New York,New York 15,15,36,3617,NH,14.999999999999996,85.0,New York 17,17,36,3617,NH,35.3,64.7,43.55,56.45,0.4500000000000028,99.55,6.0,94.0,38.0,62.0
New York,New York,New York 16,16,36,3618,NH,3.7,96.3,New York 18,18,36,3618,NH,48.3,51.7,49.05,50.95,44.4,55.6,44.5,55.5,43.7,56.3
New York,New York,New York 17,17,36,3619,NH,24.95,75.05000000000001,New York 19,19,36,3619,NH,53.4,46.6,64.5,35.5,54.25,45.75,47.400000000000006,52.6,44.2,55.8
New York,New York,New York 18,18,36,3620,NH,37.8,62.2,New York 20,20,36,3620,NH,31.6,68.4,38.75,61.25,32.1,67.9,33.5,66.5,38.8,61.2
New York,New York,New York 19,19,36,3621,NH,52.7,47.3,New York 21,21,36,3621,NH,49.0,51.0,60.65,39.35,67.6,32.4,56.85,43.15,58.8,41.2
New York,New York,New York 20,20,36,3622,NH,54.9,45.1,New York 22,22,36,3622,NH,60.9,39.1,99.2,0.7999999999999972,52.75,47.25,49.1,50.9,50.0,50.0
New York,New York,New York 21,21,36,3623,NH,40.7,59.3,New York 23,23,36,3623,NH,52.1,47.9,61.7,38.3,57.6,42.4,54.2,45.8,58.3,41.7
New York,New York,New York 22,22,36,3624,NH,47.3,52.7,New York 24,24,36,3624,NH,47.7,52.3,59.6,40.4,60.55,39.45,52.6,47.4,55.05,44.95
New York,New York,New York 23,23,36,3625,NH,49.45,50.55,New York 25,25,36,3625,NH,42.8,57.2,49.75,50.25,43.85,56.15,41.0,59.0,39.95,60.05
New York,New York,New York 24,24,36,3626,NH,53.1,46.9,New York 26,26,36,3626,NH,25.4,74.6,31.85,68.15,25.4,74.6,26.7,73.3,29.399999999999995,70.6
New York,New York,New York 25,25,36,3627,NH,50.2,49.8,New York 27,27,36,3627,NH,50.7,49.3,71.05,28.95,67.2,32.8,50.15,49.85,60.35,39.65
North Carolina,New York,New York 26,26,36,3701,NH,73.6,26.4,North Carolina 1,01,37,3701,NC,23.9,76.1,26.62,73.38,30.200000000000003,69.8,30.2,69.8,45.8,54.2
North Carolina,New York,New York 27,27,36,3702,NH,39.1,60.9,North Carolina 2,02,37,3702,NC,57.25,42.75,58.83,41.17,56.7,43.3,52.75,47.25,35.9,64.1
North Carolina,New York,New York 28,28,36,3703,NH,35.1,64.9,North Carolina 3,03,37,3703,NC,63.2,36.8,67.81,32.19,67.2,32.8,100.0,0.0,63.4,36.6
North Carolina,New York,New York 29,29,36,3704,NH,56.6,43.4,North Carolina 4,04,37,3704,NC,25.6,74.4,25.25,74.75,31.8,68.2,25.8,74.2,32.7,67.3
North Carolina,North Carolina,North Carolina 1,01,37,3705,NC,40.7,59.3,North Carolina 5,05,37,3705,NC,57.5,42.5,61.02,38.98,58.4,41.6,57.0,43.0,67.9,32.1
North Carolina,North Carolina,North Carolina 2,02,37,3706,NC,50.4,49.6,North Carolina 6,06,37,3706,NC,60.9,39.1,58.67,41.33,59.2,40.8,56.5,43.5,37.7,62.3
North Carolina,North Carolina,North Carolina 3,03,37,3707,NC,73.1,26.899999999999995,North Carolina 7,07,37,3707,NC,49.9,50.1,61.12,38.88,60.9,39.1,56.35,43.65,60.3,39.7
North Carolina,North Carolina,North Carolina 4,04,37,3708,NC,42.8,57.2,North Carolina 8,08,37,3708,NC,54.1,45.9,64.86,35.14,58.8,41.2,55.3,44.7,53.3,46.7
North Carolina,North Carolina,North Carolina 5,05,37,3709,NC,65.9,34.1,North Carolina 9,09,37,3709,NC,53.05,46.95,96.95,3.049999999999997,58.2,41.8,50.2,49.8,55.6,44.4
North Carolina,North Carolina,North Carolina 6,06,37,3710,NC,75.2,24.8,North Carolina 10,10,37,3710,NC,57.0,43.0,61.02,38.98,63.1,36.9,59.3,40.7,68.9,31.1
North Carolina,North Carolina,North Carolina 7,07,37,3711,NC,46.3,53.7,North Carolina 11,11,37,3711,NC,57.4,42.6,62.9,37.1,64.1,35.9,60.25,39.75,56.05,43.95
North Carolina,North Carolina,North Carolina 8,08,37,3712,NC,45.35,54.65,North Carolina 12,12,37,3712,NC,20.3,79.7,24.65,75.35,33.0,67.0,26.9,73.1,0.0,100.0
North Carolina,North Carolina,North Carolina 9,09,37,3713,NC,69.0,31.0,North Carolina 13,13,37,3713,NC,57.1,42.9,57.31,42.69,56.1,43.9,53.0,47.0,68.2,31.8
North Dakota,North Carolina,North Carolina 10,10,37,3800,NC,71.2,28.8,North Dakota ,00,38,3800,ND,56.6,43.4,58.5,41.5,72.65,27.350000000000005,62.35,37.65,70.7,29.300000000000004
Ohio,North Carolina,North Carolina 11,11,37,3901,NC,45.7,54.3,Ohio 1,01,39,3901,NY,60.6,39.4,63.2,36.8,59.2,40.8,52.2,47.8,53.55,46.45
Ohio,North Carolina,North Carolina 12,12,37,3902,NC,35.1,64.9,Ohio 2,02,39,3902,NY,59.1,40.9,66.0,34.0,66.1,33.9,58.2,41.8,61.1,38.9
Ohio,North Carolina,North Carolina 13,13,37,3903,NC,44.5,55.5,Ohio 3,03,39,3903,NY,29.550000000000004,70.45,35.9,64.1,31.4,68.6,26.4,73.6,29.2,70.8
Ohio,North Dakota,North Dakota ,00,38,3904,ND,77.35,22.65,Ohio 4,04,39,3904,NY,61.25,38.75,67.7,32.3,68.0,32.0,65.3,34.7,69.30000000000001,30.7
Ohio,Ohio,Ohio 1,01,39,3905,NY,52.75,47.25,Ohio 5,05,39,3905,NY,59.35,40.65,68.8,31.2,70.9,29.1,63.6,36.4,68.0,32.0
Ohio,Ohio,Ohio 2,02,39,3906,NY,61.9,38.1,Ohio 6,06,39,3906,NY,53.3,46.7,59.8,40.2,70.7,29.3,69.3,30.7,74.4,25.6
Ohio,Ohio,Ohio 3,03,39,3907,NY,68.1,31.9,Ohio 7,07,39,3907,NY,56.7,43.3,100.0,0.0,67.5,32.5,58.7,41.3,69.15,30.85
Ohio,Ohio,Ohio 4,04,39,3908,NY,73.4,26.6,Ohio 8,08,39,3908,NY,100.0,0.0,69.9,30.1,70.9,29.1,66.6,33.4,69.0,31.0
Ohio,Ohio,Ohio 5,05,39,3909,NY,70.65,29.35,Ohio 9,09,39,3909,NY,25.450000000000003,74.55,32.3,67.7,31.3,68.7,32.2,67.8,36.9,63.1
Ohio,Ohio,Ohio 6,06,39,3910,NY,52.55,47.45,Ohio 10,10,39,3910,NY,61.650000000000006,38.35,66.85,33.15,65.69999999999999,34.300000000000004,56.85,43.150000000000006,58.4,41.6
Ohio,Ohio,Ohio 7,07,39,3911,NY,64.95,35.05,Ohio 11,11,39,3911,NY,0.0,100.0,20.6,79.4,19.750000000000004,80.25,17.8,82.2,19.9,80.1
Ohio,Ohio,Ohio 8,08,39,3912,NY,67.65,32.35000000000001,Ohio 12,12,39,3912,NY,63.7,36.3,70.15,29.850000000000005,68.4,31.600000000000005,52.1,47.900000000000006,56.7,43.3
Ohio,Ohio,Ohio 9,09,39,3913,NY,40.6,59.4,Ohio 13,13,39,3913,NY,30.1,69.9,15.75,84.25,32.3,67.7,39.0,61.0,46.2,53.8
Ohio,Ohio,Ohio 10,10,39,3914,NY,45.45,54.55,Ohio 14,14,39,3914,NY,57.9,42.1,65.15,34.85,62.6,37.4,55.2,44.8,60.1,39.9
Ohio,Ohio,Ohio 11,11,39,3915,NY,17.1,82.9,Ohio 15,15,39,3915,NY,61.8,38.2,66.0,34.0,66.2,33.8,59.3,40.7,63.4,36.6
Ohio,Ohio,Ohio 12,12,39,3916,NY,57.45,42.55,Ohio 16,16,39,3916,NY,52.2,47.8,63.7,36.3,65.3,34.7,56.7,43.3,63.2,36.8
Oklahoma,Ohio,Ohio 13,13,39,4001,NY,44.3,55.7,Oklahoma 1,01,40,4001,OK,65.75,34.25,100.0,0.0,100.0,0.0,59.3,40.7,65.5,34.5
Oklahoma,Ohio,Ohio 14,14,39,4002,NY,66.7,33.3,Oklahoma 2,02,40,4002,OK,59.55,40.45,72.7,27.300000000000004,73.69999999999999,26.3,67.45,32.550000000000004,76.5,23.5
Oklahoma,Ohio,Ohio 15,15,39,4003,NY,56.4,43.6,Oklahoma 3,03,40,4003,OK,77.65,22.35,78.6,21.4,78.3,21.7,73.9,26.1,78.5,21.5
Oklahoma,Ohio,Ohio 16,16,39,4004,NY,55.4,44.6,Oklahoma 4,04,40,4004,OK,70.15,29.85,73.05,26.95,71.75,28.250000000000007,65.05000000000001,34.95,69.5,30.500000000000004
Oklahoma,Ohio,Ohio 17,17,39,4005,NY,38.1,61.9,Oklahoma 5,05,40,4005,OK,60.7,39.3,61.9,38.1,60.15,39.85,49.3,50.7,52.1,47.9
Oregon,Ohio,Ohio 18,18,39,4101,NY,56.7,43.3,Oregon 1,01,41,4101,OH,36.85,63.15,38.5,61.5,38.7,61.3,34.2,65.8,35.300000000000004,64.69999999999999
Oregon,Oklahoma,Oklahoma 1,01,40,4102,OK,88.4,11.6,Oregon 2,02,41,4102,OH,70.25,29.75,72.35,27.649999999999995,71.85,28.15,58.45,41.55,61.5,38.5
Oregon,Oklahoma,Oklahoma 2,02,40,4103,OK,43.5,56.5,Oregon 3,03,41,4103,OH,22.800000000000004,77.2,23.25,76.75,14.1,85.9,23.6,76.4,25.25,74.75
Oregon,Oklahoma,Oklahoma 3,03,40,4104,OK,78.0,22.0,Oregon 4,04,41,4104,OH,40.35,59.65,39.55,60.45,42.1,57.9,42.45,57.55,47.35,52.65
Oregon,Oklahoma,Oklahoma 4,04,40,4105,OK,100.0,0.0,Oregon 5,05,41,4105,OH,44.3,55.7,42.75,57.25,44.75,55.25,43.4,56.6,46.6,53.4
Pennsylvania,Oklahoma,Oklahoma 5,05,40,4201,OK,64.0,36.0,Pennsylvania 1,01,42,4201,PA,14.950000000000005,85.05,17.2,82.8,17.8,82.2,51.3,48.7,56.6,43.4
Pennsylvania,Oregon,Oregon 1,01,41,4202,OH,43.6,56.4,Pennsylvania 2,02,42,4202,PA,9.999999999999996,90.0,12.3,87.7,9.8,90.2,21.0,79.0,27.5,72.5
Pennsylvania,Oregon,Oregon 2,02,41,4203,OH,74.1,25.9,Pennsylvania 3,03,42,4203,PA,56.8,43.2,60.6,39.4,100.0,0.0,6.6,93.4,9.0,91.0
Pennsylvania,Oregon,Oregon 3,03,41,4204,OH,27.250000000000007,72.75,Pennsylvania 4,04,42,4204,PA,62.650000000000006,37.35,74.5,25.5,66.1,33.9,36.5,63.5,40.5,59.5
Pennsylvania,Oregon,Oregon 4,04,41,4205,OH,44.55,55.45,Pennsylvania 5,05,42,4205,PA,62.9,37.1,63.6,36.4,67.2,32.8,34.8,65.2,35.3,64.7
Pennsylvania,Oregon,Oregon 5,05,41,4206,OH,47.35,52.65,Pennsylvania 6,06,42,4206,PA,57.1,42.9,56.3,43.7,57.3,42.7,41.1,58.9,43.9,56.1
Pennsylvania,Pennsylvania,Pennsylvania 1,01,42,4207,PA,0.0,100.0,Pennsylvania 7,07,42,4207,PA,59.5,40.5,62.0,38.0,59.5,40.5,45.0,55.0,48.1,51.9
Pennsylvania,Pennsylvania,Pennsylvania 2,02,42,4208,PA,10.7,89.3,Pennsylvania 8,08,42,4208,PA,56.650000000000006,43.35,61.9,38.1,54.4,45.6,45.4,54.6,48.2,51.8
Pennsylvania,Pennsylvania,Pennsylvania 3,03,42,4209,PA,55.7,44.3,Pennsylvania 9,09,42,4209,PA,61.6,38.4,31.75,68.25,63.4,36.6,59.7,40.3,66.3,33.7
Pennsylvania,Pennsylvania,Pennsylvania 4,04,42,4210,PA,49.2,50.8,Pennsylvania 10,10,42,4210,PA,65.9,34.1,68.9,31.1,70.2,29.8,51.3,48.7,53.3,46.7
Pennsylvania,Pennsylvania,Pennsylvania 5,05,42,4211,PA,70.25,29.75,Pennsylvania 11,11,42,4211,PA,58.5,41.5,66.3,33.7,63.7,36.3,59.0,41.0,63.1,36.9
Pennsylvania,Pennsylvania,Pennsylvania 6,06,42,4212,PA,57.1,42.9,Pennsylvania 12,12,42,4212,PA,51.5,48.5,59.3,40.7,61.8,38.2,66.0,34.0,70.8,29.2
Pennsylvania,Pennsylvania,Pennsylvania 7,07,42,4213,PA,55.45,44.55,Pennsylvania 13,13,42,4213,PA,31.0,69.0,32.9,67.1,0.0,100.0,70.5,29.5,73.5,26.5
Pennsylvania,Pennsylvania,Pennsylvania 8,08,42,4214,PA,53.5,46.5,Pennsylvania 14,14,42,4214,PA,23.050000000000004,76.95,0.0,100.0,25.6,74.4,57.9,42.1,64.7,35.3
Pennsylvania,Pennsylvania,Pennsylvania 9,09,42,4215,PA,73.1,26.9,Pennsylvania 15,15,42,4215,PA,56.6,43.4,100.0,0.0,60.2,39.8,67.8,32.2,73.5,26.5
Pennsylvania,Pennsylvania,Pennsylvania 10,10,42,4216,PA,55.2,44.8,Pennsylvania 16,16,42,4216,PA,58.05,41.95,57.7,42.3,55.45,44.55,52.15,47.85,59.3,40.7
Pennsylvania,Pennsylvania,Pennsylvania 11,11,42,4217,PA,54.7,45.3,Pennsylvania 17,17,42,4217,PA,39.5,60.5,43.2,56.8,46.2,53.8,43.7,56.3,48.9,51.1
Pennsylvania,Pennsylvania,Pennsylvania 12,12,42,4218,PA,49.2,50.8,Pennsylvania 18,18,42,4218,PA,63.8,36.2,100.0,0.0,100.0,0.0,0.0,100.0,30.7,69.3
Rhode Island,Pennsylvania,Pennsylvania 13,13,42,4401,PA,43.7,56.3,Rhode Island 1,01,44,4401,PR,43.9,56.1,40.4,59.6,35.300000000000004,64.7,33.1,66.9,14.6,85.4
Rhode Island,Pennsylvania,Pennsylvania 14,14,42,4402,PA,29.7,70.3,Rhode Island 2,02,44,4402,PR,39.75,60.25,37.7,62.3,36.3,63.7,36.4,63.6,41.65,58.35
South Carolina,Pennsylvania,Pennsylvania 15,15,42,4501,PA,57.25,42.75,South Carolina 1,01,45,4501,AS,81.2,18.8,100.0,0.0,60.9,39.1,49.3,50.7,50.65,49.35
South Carolina,Pennsylvania,Pennsylvania 16,16,42,4502,PA,65.4,34.6,South Carolina 2,02,45,4502,AS,100.0,0.0,63.55,36.45,62.2,37.8,56.9,43.1,56.55,43.45
South Carolina,Pennsylvania,Pennsylvania 17,17,42,4503,PA,44.5,55.5,South Carolina 3,03,45,4503,AS,66.7,33.3,71.2,28.8,72.85,27.15,68.4,31.6,71.25,28.75
South Carolina,Pennsylvania,Pennsylvania 18,18,42,4504,PA,67.3,32.7,South Carolina 4,04,45,4504,AS,82.5,17.5,92.4,7.600000000000001,68.1,31.9,61.5,38.5,62.35,37.65
South Carolina,Pennsylvania,Pennsylvania 19,19,42,4505,PA,74.30000000000001,25.7,South Carolina 5,05,45,4505,AS,77.8,22.2,58.9,41.1,60.25,39.75,57.8,42.2,60.1,39.9
South Carolina,Rhode Island,Rhode Island 1,01,44,4506,PR,47.0,53.0,South Carolina 6,06,45,4506,AS,2.799999999999997,97.2,26.550000000000004,73.45,28.750000000000007,71.25,29.05,70.95,31.3,68.7
South Carolina,Rhode Island,Rhode Island 2,02,44,4507,PR,35.95,64.05,South Carolina 7,07,45,4507,AS,77.45,22.55,60.0,40.0,61.0,39.0,59.6,40.4,61.85,38.15
South Dakota,South Carolina,South Carolina 1,01,45,4600,AS,68.35,31.649999999999995,South Dakota ,00,46,4600,SD,57.5,42.5,66.5,33.5,64.1,35.9,62.15,37.85,90.5,9.5
Tennessee,South Carolina,South Carolina 2,02,45,4701,AS,54.85,45.15,Tennessee 1,01,47,4701,OR,78.1,21.9,91.4,8.600000000000001,81.5,18.499999999999996,78.05,21.950000000000003,76.1,23.9
Tennessee,South Carolina,South Carolina 3,03,45,4702,AS,63.15,36.85,Tennessee 2,02,47,4702,OR,77.0,23.0,74.95,25.050000000000004,75.6,24.4,66.4,33.6,68.25,31.750000000000007
Tennessee,South Carolina,South Carolina 4,04,45,4703,AS,67.35,32.650000000000006,Tennessee 3,03,47,4703,OR,63.0,37.0,63.9,36.1,68.80000000000001,31.2,64.6,35.4,68.4,31.6
Tennessee,South Carolina,South Carolina 5,05,45,4704,AS,55.1,44.9,Tennessee 4,04,47,4704,OR,55.8,44.2,61.5,38.5,65.0,35.0,64.9,35.1,66.7,33.3
Tennessee,South Carolina,South Carolina 6,06,45,4705,AS,36.75,63.25,Tennessee 5,05,47,4705,OR,33.8,66.2,36.7,63.3,37.4,62.6,32.2,67.8,0.0,100.0
Tennessee,South Dakota,South Dakota ,00,46,4706,SD,51.1,48.9,Tennessee 6,06,47,4706,OR,88.3,11.700000000000005,74.05,25.950000000000003,74.65,25.350000000000005,70.6,29.4,74.85,25.15
Tennessee,Tennessee,Tennessee 1,01,47,4707,OR,81.85,18.15,Tennessee 7,07,47,4707,OR,73.5,26.5,71.6,28.4,74.35,25.65,67.4,32.6,71.30000000000001,28.7
Tennessee,Tennessee,Tennessee 2,02,47,4708,OR,83.5,16.499999999999996,Tennessee 8,08,47,4708,OR,69.95,30.050000000000004,73.1,26.9,71.85,28.15,68.8,31.2,69.5,30.5
Tennessee,Tennessee,Tennessee 3,03,47,4709,OR,64.4,35.6,Tennessee 9,09,47,4709,OR,24.350000000000005,75.65,24.15,75.85,20.1,79.9,19.6,80.4,21.35,78.65
Texas,Tennessee,Tennessee 4,04,47,4801,OR,59.25,40.75,Texas 1,01,48,4801,TX,72.55,27.45,77.5,22.5,74.9,25.1,73.0,27.000000000000004,72.6,27.4
Texas,Tennessee,Tennessee 5,05,47,4802,OR,42.95,57.05,Texas 2,02,48,4802,TX,66.05,33.95,69.2,30.800000000000004,62.3,37.7,53.6,46.4,56.4,43.6
Texas,Tennessee,Tennessee 6,06,47,4803,OR,68.95,31.050000000000004,Texas 3,03,48,4803,TX,100.0,0.0,91.0,9.0,63.3,36.7,55.0,45.0,56.1,43.9
Texas,Tennessee,Tennessee 7,07,47,4804,OR,73.80000000000001,26.2,Texas 4,04,48,4804,TX,74.45,25.550000000000004,100.0,0.0,94.0,6.0,76.35,23.65,76.25,23.750000000000007
Texas,Tennessee,Tennessee 8,08,47,4805,OR,60.1,39.9,Texas 5,05,48,4805,TX,65.6,34.4,92.75,7.25,90.3,9.700000000000005,62.4,37.6,63.05,36.95
Texas,Tennessee,Tennessee 9,09,47,4806,OR,25.550000000000004,74.45,Texas 6,06,48,4806,TX,59.4,40.6,62.400000000000006,37.6,59.65,40.35,53.85,46.15,54.4,45.6
Texas,Texas,Texas 1,01,48,4807,TX,94.85,5.149999999999999,Texas 7,07,48,4807,TX,62.2,37.8,64.4,35.6,56.2,43.8,47.5,52.5,48.3,51.7
Texas,Texas,Texas 2,02,48,4808,TX,94.3,5.700000000000003,Texas 8,08,48,4808,TX,78.55000000000001,21.45,94.65,5.350000000000001,100.0,0.0,74.25,25.749999999999996,73.5,26.5
Texas,Texas,Texas 3,03,48,4809,TX,67.5,32.5,Texas 9,09,48,4809,TX,20.6,79.4,4.600000000000001,95.4,19.4,80.6,5.450000000000003,94.55,23.050000000000004,76.95
Texas,Texas,Texas 4,04,48,4810,TX,75.6,24.4,Texas 10,10,48,4810,TX,62.2,37.8,64.05,35.95,59.45,40.55,52.15,47.85,53.6,46.4
Texas,Texas,Texas 5,05,48,4811,TX,71.5,28.5,Texas 11,11,48,4811,TX,80.0,20.000000000000007,95.15,4.850000000000001,94.75,5.25,80.85,19.15,80.7,19.3
Texas,Texas,Texas 6,06,48,4812,TX,67.35,32.64999999999999,Texas 12,12,48,4812,TX,72.1,27.899999999999995,72.5,27.500000000000004,71.25,28.749999999999996,65.2,34.800000000000004,65.35,34.65
Texas,Texas,Texas 7,07,48,4813,TX,90.7,9.299999999999995,Texas 13,13,48,4813,TX,95.5,4.5,85.75,14.250000000000004,95.0,5.0,82.3,17.699999999999996,80.45,19.55
Texas,Texas,Texas 8,08,48,4814,TX,81.55,18.45,Texas 14,14,48,4814,TX,54.45,45.55,62.85,37.15,61.9,38.1,59.95,40.05,61.6,38.4
Texas,Texas,Texas 9,09,48,4815,TX,23.6,76.4,Texas 15,15,48,4815,TX,37.95,62.05,44.65,55.35,40.2,59.8,39.55,60.45,48.55,51.45
Texas,Texas,Texas 10,10,48,4816,TX,65.85,34.15,Texas 16,16,48,4816,TX,33.65,66.35,30.85,69.15,7.149999999999999,92.85,29.25,70.75,35.3,64.7
Texas,Texas,Texas 11,11,48,4817,TX,82.69999999999999,17.299999999999997,Texas 17,17,48,4817,TX,89.95,10.049999999999995,66.1,33.9,62.8,37.2,57.75,42.25,57.5,42.5
Texas,Texas,Texas 12,12,48,4818,TX,73.4,26.6,Texas 18,18,48,4818,TX,23.800000000000004,76.2,26.500000000000004,73.5,25.050000000000004,74.95,22.8,77.2,25.1,74.9
Texas,Texas,Texas 13,13,48,4819,TX,93.55,6.450000000000003,Texas 19,19,48,4819,TX,92.5,7.5,79.4,20.6,93.35,6.649999999999999,75.2,24.8,75.95,24.050000000000004
Texas,Texas,Texas 14,14,48,4820,TX,76.0,24.0,Texas 20,20,48,4820,TX,34.7,65.3,12.15,87.85,10.15,89.85,9.549999999999995,90.45,34.2,65.8
Texas,Texas,Texas 15,15,48,4821,TX,42.95,57.05,Texas 21,21,48,4821,TX,62.6,37.4,85.9,14.1,60.25,39.75,51.3,48.7,53.35,46.65
Texas,Texas,Texas 16,16,48,4822,TX,39.25,60.75,Texas 22,22,48,4822,TX,66.1,33.9,67.5,32.50000000000001,59.5,40.5,52.45,47.55,53.45,46.55
Texas,Texas,Texas 17,17,48,4823,TX,62.6,37.4,Texas 23,23,48,4823,TX,47.6,52.4,51.05,48.95,50.65,49.35,50.25,49.75,52.0,48.0
Texas,Texas,Texas 18,18,48,4824,TX,28.600000000000005,71.4,Texas 24,24,48,4824,TX,62.5,37.5,66.4,33.6,58.45,41.55,51.6,48.4,50.65,49.35
Texas,Texas,Texas 19,19,48,4825,TX,79.3,20.7,Texas 25,25,48,4825,TX,60.55,39.45,62.0,38.0,60.35,39.650000000000006,54.35,45.65,56.9,43.1
Texas,Texas,Texas 20,20,48,4826,TX,35.45,64.55000000000001,Texas 26,26,48,4826,TX,69.85,30.15,91.35,8.649999999999999,68.4,31.6,60.2,39.8,61.65,38.35
Texas,Texas,Texas 21,21,48,4827,TX,70.5,29.499999999999996,Texas 27,27,48,4827,TX,58.75,41.25,64.94999999999999,35.05,61.7,38.3,61.85,38.15,64.1,35.9
Texas,Texas,Texas 22,22,48,4828,TX,68.85,31.15,Texas 28,28,48,4828,TX,30.899999999999995,69.1,8.950000000000003,91.05,32.55,67.45,7.799999999999997,92.2,40.35,59.65
Texas,Texas,Texas 23,23,48,4829,TX,52.5,47.5,Texas 29,29,48,4829,TX,5.0,95.0,5.25,94.75,25.75,74.25,24.4,75.6,28.15,71.85
Texas,Texas,Texas 24,24,48,4830,TX,90.8,9.200000000000005,Texas 30,30,48,4830,TX,20.05,79.95,6.049999999999997,93.95,20.55,79.45,4.450000000000003,95.55,20.45,79.55
Texas,Texas,Texas 25,25,48,4831,TX,46.0,54.0,Texas 31,31,48,4831,TX,63.15,36.85,66.05,33.95,60.95,39.05,51.45,48.55,54.55,45.45
Texas,Texas,Texas 26,26,48,4832,TX,68.19999999999999,31.8,Texas 32,32,48,4832,TX,59.45,40.55,63.2,36.8,85.55,14.450000000000005,46.75,53.25,46.95,53.05
Texas,Texas,Texas 27,27,48,4833,TX,50.4,49.6,Texas 33,33,48,4833,TX,26.6,73.4,6.75,93.25,26.3,73.7,22.85,77.15,29.2,70.8
Texas,Texas,Texas 28,28,48,4834,TX,42.85,57.15,Texas 34,34,48,4834,TX,36.85,63.150000000000006,39.5,60.5,37.3,62.7,40.0,60.0,43.25,56.75
Texas,Texas,Texas 29,29,48,4835,TX,34.75000000000001,65.25,Texas 35,35,48,4835,TX,34.0,66.0,35.4,64.6,34.25,65.75,27.35,72.65,32.3,67.7
Texas,Texas,Texas 30,30,48,4836,TX,22.95,77.05,Texas 36,36,48,4836,TX,72.1,27.9,77.0,23.0,94.3,5.700000000000003,72.6,27.4,74.65,25.350000000000005
Utah,Texas,Texas 31,31,48,4901,TX,91.25,8.75,Utah 1,01,49,4901,TN,73.4,26.6,67.6,32.4,69.75,30.249999999999996,68.35,31.65,69.55,30.45
Utah,Texas,Texas 32,32,48,4902,TX,63.85,36.15,Utah 2,02,49,4902,TN,64.35,35.65,63.6,36.400000000000006,63.85,36.15,58.6,41.4,61.2,38.8
Utah,Utah,Utah 1,01,49,4903,TN,72.65,27.35,Utah 3,03,49,4903,TN,76.4,23.6,74.85,25.15,73.5,26.5,70.1,29.9,70.95,29.05
Utah,Utah,Utah 2,02,49,4904,TN,47.8,52.2,Utah 4,04,49,4904,TN,49.4,50.6,52.55,47.45,56.25,43.75,49.9,50.1,50.5,49.5
Vermont,Utah,Utah 3,03,49,5000,TN,74.7,25.300000000000004,Vermont ,00,50,5000,NE,25.6,74.4,33.3,66.7,8.75,91.25,28.4,71.6,29.85,70.15
Virginia,Vermont,Vermont ,00,50,5101,NE,33.7,66.3,Virginia 1,01,51,5101,UT,57.55,42.45,64.25,35.75,61.65,38.35,55.2,44.8,58.25,41.75
Virginia,Virginia,Virginia 1,01,51,5102,UT,64.55000000000001,35.45,Virginia 2,02,51,5102,UT,53.8,46.2,58.8,41.2,61.4,38.6,48.9,51.1,47.1,52.9
Virginia,Virginia,Virginia 2,02,51,5103,UT,55.3,44.7,Virginia 3,03,51,5103,UT,18.8,81.2,0.0,100.0,33.2,66.8,0.0,100.0,31.499999999999996,68.5
Virginia,Virginia,Virginia 3,03,51,5104,UT,28.6,71.4,Virginia 4,04,51,5104,UT,57.1,42.9,61.35,38.65,42.15,57.85,36.7,63.3,38.3,61.7
Virginia,Virginia,Virginia 4,04,51,5105,UT,62.4,37.6,Virginia 5,05,51,5105,UT,56.55,43.45,62.5,37.5,58.3,41.7,53.3,46.7,52.55,47.45
Virginia,Virginia,Virginia 5,05,51,5106,UT,51.9,48.1,Virginia 6,06,51,5106,UT,65.6,34.4,87.75,12.25,66.69999999999999,33.300000000000004,59.8,40.2,64.65,35.35
Virginia,Virginia,Virginia 6,06,51,5107,UT,88.15,11.85,Virginia 7,07,51,5107,UT,58.6,41.4,61.9,38.1,57.65,42.35,49.0,51.0,49.1,50.9
Virginia,Virginia,Virginia 7,07,51,5108,UT,62.55,37.45,Virginia 8,08,51,5108,UT,33.05,66.94999999999999,34.2,65.80000000000001,29.45,70.55000000000001,23.7,76.3,24.1,75.9
Virginia,Virginia,Virginia 8,08,51,5109,UT,38.15,61.85,Virginia 9,09,51,5109,UT,61.2,38.8,86.1,13.9,70.15,29.850000000000005,65.2,34.8,97.0,3.0
Virginia,Virginia,Virginia 9,09,51,5110,UT,52.400000000000006,47.6,Virginia 10,10,51,5110,UT,60.2,39.8,58.1,41.9,52.900000000000006,47.1,43.8,56.2,43.45,56.55
Virginia,Virginia,Virginia 10,10,51,5111,UT,64.05000000000001,35.95,Virginia 11,11,51,5111,UT,37.25,62.75,41.75,58.25,6.049999999999997,93.95,27.9,72.1,28.45,71.55000000000001
Washington,Virginia,Virginia 11,11,51,5301,UT,49.8,50.2,Washington 1,01,53,5301,VA,46.4,53.6,45.0,55.0,44.6,55.4,40.7,59.3,41.35,58.65
Washington,Washington,Washington 1,01,53,5302,VA,42.3,57.7,Washington 2,02,53,5302,VA,39.1,60.9,39.4,60.6,36.0,64.0,14.35,85.65,36.8,63.2
Washington,Washington,Washington 2,02,53,5303,VA,48.9,51.1,Washington 3,03,53,5303,VA,60.1,39.9,61.5,38.5,61.8,38.2,52.7,47.3,56.5,43.5
Washington,Washington,Washington 3,03,53,5304,VA,53.0,47.0,Washington 4,04,53,5304,VA,67.0,33.0,75.45,24.55,78.8,21.2,62.8,37.2,66.3,33.7
Washington,Washington,Washington 4,04,53,5305,VA,67.6,32.4,Washington 5,05,53,5305,VA,62.1,37.9,60.7,39.3,59.6,40.4,54.8,45.2,61.4,38.6
Washington,Washington,Washington 5,05,53,5306,VA,63.7,36.3,Washington 6,06,53,5306,VA,41.2,58.8,37.0,63.0,38.5,61.5,36.1,63.9,40.6,59.4
Washington,Washington,Washington 6,06,53,5307,VA,42.0,58.0,Washington 7,07,53,5307,VA,20.5,79.5,19.0,81.0,22.0,78.0,16.4,83.6,16.900000000000002,83.1
Washington,Washington,Washington 7,07,53,5308,VA,8.5,91.5,Washington 8,08,53,5308,VA,59.9,40.1,63.3,36.7,60.2,39.8,47.6,52.4,48.25,51.75
Washington,Washington,Washington 8,08,53,5309,VA,52.1,47.9,Washington 9,09,53,5309,VA,28.5,71.5,29.2,70.8,27.1,72.9,16.049999999999997,83.95,25.8,74.19999999999999
Washington,Washington,Washington 9,09,53,5310,VA,45.1,54.9,Washington 10,10,53,5310,VA,41.4,58.6,45.3,54.7,41.3,58.7,38.5,61.5,25.35,74.65
West Virginia,West Virginia,West Virginia 1,01,54,5401,WV,50.4,49.6,West Virginia 1,01,54,5401,WV,62.5,37.5,64.0,36.0,69.0,31.0,64.6,35.4,69.0,31.0
West Virginia,West Virginia,West Virginia 2,02,54,5402,WV,69.4,30.6,West Virginia 2,02,54,5402,WV,69.8,30.2,51.6,48.4,58.2,41.8,55.5,44.5,63.1,36.9
West Virginia,West Virginia,West Virginia 3,03,54,5403,WV,44.0,56.0,West Virginia 3,03,54,5403,WV,46.1,53.9,55.3,44.7,71.95,28.05,56.4,43.6,71.3,28.7
Wisconsin,Wisconsin,Wisconsin 1,01,55,5501,WA,69.05,30.95,Wisconsin 1,01,55,5501,WA,55.75,44.25,63.3,36.7,67.4,32.599999999999994,56.15,43.85,59.35,40.65
Wisconsin,Wisconsin,Wisconsin 2,02,55,5502,WA,38.2,61.8,Wisconsin 2,02,55,5502,WA,32.0,68.0,31.5,68.5,31.25,68.75,0.0,100.0,30.25,69.75
Wisconsin,Wisconsin,Wisconsin 3,03,55,5503,WA,48.1,51.9,Wisconsin 3,03,55,5503,WA,35.9,64.1,43.5,56.5,0.5499999999999972,99.45,40.3,59.7,48.65,51.35
Wisconsin,Wisconsin,Wisconsin 4,04,55,5504,WA,30.300000000000004,69.7,Wisconsin 4,04,55,5504,WA,25.750000000000004,74.25,28.35,71.65,11.65,88.35,23.0,77.0,24.0,76.0
Wisconsin,Wisconsin,Wisconsin 5,05,55,5505,WA,70.95,29.050000000000004,Wisconsin 5,05,55,5505,WA,67.9,32.1,69.5,30.5,68.7,31.3,62.0,38.0,60.15,39.85
Wisconsin,Wisconsin,Wisconsin 6,06,55,5506,WA,70.7,29.3,Wisconsin 6,06,55,5506,WA,62.1,37.9,57.95,42.05,59.95,40.05,55.5,44.5,59.25,40.75
Wisconsin,Wisconsin,Wisconsin 7,07,55,5507,WA,53.85,46.15,Wisconsin 7,07,55,5507,WA,56.1,43.9,59.95,40.05,61.7,38.3,60.75,39.25,60.75,39.25
Wisconsin,Wisconsin,Wisconsin 8,08,55,5508,WA,54.85,45.15,Wisconsin 8,08,55,5508,WA,55.9,44.1,65.0,35.0,62.7,37.3,63.7,36.3,64.2,35.8
Wyoming,Wyoming,Wyoming ,00,56,5600,WY,73.0,27.0,Wyoming ,00,56,5600,WY,72.65,27.350000000000005,72.75,27.25,65.55,34.45,66.95,33.05,72.0,28.000000000000007
